{"number_of_liquid_levels_to_find": 1, "rows_to_count": 10, "find_meniscus_minimum": 0.04, "reference_level_relative": [0.7244444444444444, 0.7, 0.6177777777777778], "tolerance_level_relative": null, "liquid_level_data": {"2023_07_27_16_59_27": 0.6066666666666667, "2023_07_27_17_00_31": 0.6066666666666667, "2023_07_27_17_01_35": 0.6066666666666667, "2023_07_27_17_02_39": 0.6066666666666667, "2023_07_27_17_03_43": 0.5622222222222222, "2023_07_27_17_04_47": 0.6066666666666667, "2023_07_27_17_05_51": 0.6066666666666667, "2023_07_27_17_06_55": 0.6066666666666667, "2023_07_27_17_07_59": 0.5622222222222222, "2023_07_27_17_09_03": 0.6288888888888889, "2023_07_27_17_10_07": 0.5622222222222222, "2023_07_27_17_11_11": 0.5622222222222222, "2023_07_27_17_12_15": 0.6288888888888889, "2023_07_27_17_13_19": 0.6288888888888889, "2023_07_27_17_14_23": 0.6288888888888889}}