{"number_of_liquid_levels_to_find": 1, "rows_to_count": 15, "find_meniscus_minimum": 0.04, "reference_level_relative": [0.6044444444444445, 0.5866666666666667, 0.4822222222222222], "tolerance_level_relative": null, "liquid_level_data": {"2023_07_21_16_33_55": 0.27555555555555555, "2023_07_21_16_35_07": 0.27555555555555555, "2023_07_21_16_36_33": 0.27555555555555555, "2023_07_21_16_38_01": 0.27555555555555555, "2023_07_21_16_39_00": 0.27555555555555555, "2023_07_21_16_39_55": 0.27555555555555555, "2023_07_21_16_40_49": 0.27555555555555555, "2023_07_21_16_42_42": 0.27555555555555555, "2023_07_21_16_43_36": 0.27555555555555555, "2023_07_21_16_44_30": 0.27555555555555555}}